Position,Const,Created,Modified,Description,Name,Known For,Birth Date
1,nm6073955,2019-07-27,2019-07-27,,"Florence Pugh","The Falling","3 de enero de 1996"
2,nm8821891,2019-07-27,2019-07-27,,"Isabelle Grill","Midsommar","20 de septiembre de 1997"
3,nm1638321,2019-07-28,2019-07-28,,"Maya Hawke","Do Revenge","8 de julio de 1998"
4,nm3034501,2019-07-28,2019-07-28,,"Natalia Dyer","Stranger Things","13 de enero de 1995"
5,nm2605345,2019-07-28,2019-07-28,,"Gemma Arterton","Prince of Persia: The Sands of Time","2 de febrero de 1986"
6,nm0000233,2019-07-28,2019-07-28,,"Quentin Tarantino","Reservoir Dogs","27 de marzo de 1963"
7,nm4170048,2019-07-29,2019-07-29,,"Ari Aster","Hereditary","15 de julio de 1986"
8,nm2125482,2019-07-29,2019-07-29,,"Chloé Zhao","Nomadland","31 de marzo de 1982"
9,nm2251846,2019-07-29,2019-07-29,,"Joanna Kulig","Zimna wojna","24 de junio de 1982"
10,nm0271763,2019-08-01,2019-08-01,,"Edwige Fenech","Hostel: Part II","24 de diciembre de 1948"
11,nm5584702,2019-08-02,2019-08-02,,"Michalina Olszańska","Já, Olga Hepnarová","29 de junio de 1992"
12,nm1206844,2019-08-03,2019-08-03,,"Drew Goddard","The Martian","26 de febrero de 1975"
13,nm0435299,2019-08-04,2019-08-04,,"Meiko Kaji","Shurayuki-hime","24 de marzo de 1947"
14,nm2292661,2019-08-08,2019-08-08,,"Zoe Colletti","Scary Stories to Tell in the Dark","27 de noviembre de 2001"
15,nm0840754,2019-08-10,2019-08-10,,"Blanca Suárez","El bar","21 de octubre de 1988"
16,nm2811823,2019-10-06,2019-10-06,,"Sierra McCormick","The Vast of Night","28 de octubre de 1997"
17,nm2267725,2019-10-06,2019-10-06,,"Dora Madison","Dark Places","17 de octubre de 1990"
18,nm3976308,2019-10-06,2019-10-06,,"Joe Begos","Christmas Bloody Christmas",
19,nm3475396,2019-10-06,2019-10-06,,"Macarena García","Blancanieves","26 de abril de 1988"
20,nm1782299,2019-10-06,2019-10-06,,"Imogen Poots","Vivarium","3 de junio de 1989"
21,nm3211470,2019-10-06,2019-10-06,,"Robert Eggers","The Lighthouse","7 de julio de 1983"
22,nm9698919,2019-10-06,2019-10-06,,"Ginevra Francesconi","Una figlia","22 de abril de 2003"
23,nm1154749,2019-10-06,2019-10-06,,"Sofia Boutella","Kingsman: The Secret Service","3 de abril de 1982"
24,nm7603745,2019-10-06,2019-10-06,,"Sasha Lane","American Honey","29 de septiembre de 1995"
25,nm7346682,2019-10-07,2019-10-07,,"Daphné Patakia","Benedetta","8 de junio de 1992"
26,nm2356940,2019-10-07,2019-10-07,,"Hannah Murray","God Help the Girl","1 de julio de 1989"
27,nm0923266,2019-10-07,2019-10-07,,"Merritt Wever","Signs","11 de agosto de 1980"
28,nm1281415,2019-10-08,2019-10-08,,"Karine Teles","Bacurau","16 de agosto de 1978"
29,nm0001618,2019-10-11,2019-10-11,,"Joaquin Phoenix","Walk the Line","28 de octubre de 1974"
30,nm0000134,2019-10-11,2019-10-11,,"Robert De Niro","Cape Fear","17 de agosto de 1943"
31,nm5896355,2019-10-12,2019-10-12,,"Anya Taylor-Joy","The Queen's Gambit","16 de abril de 1996"
32,nm1428821,2019-10-27,2019-10-27,,"Joey King","The Act","30 de julio"
33,nm0272581,2019-10-31,2019-10-31,,"Rebecca Ferguson","The Greatest Showman","19 de octubre de 1983"
34,nm3014840,2019-10-31,2019-10-31,,"Emily Alyn Lind","Enter the Void","6 de mayo"
35,nm2884175,2019-11-04,2019-11-04,,"Alba Messa","Enloqueciendo Contigo","1986"
36,nm3706285,2019-11-04,2019-11-04,,"Alba García","e-Life","12 de julio de 1992"
37,nm0892299,2019-11-04,2019-11-04,,"Manuela Velasco","[Rec]","23 de octubre de 1975"
38,nm0429069,2019-11-13,2019-11-13,,"Rashida Jones","Parks and Recreation","25 de febrero de 1976"
39,nm3338354,2019-11-13,2019-11-13,,"Kate Lyn Sheil","You're Next","13 de junio de 1985"
40,nm2057859,2019-11-14,2019-11-14,,"Andrea Riseborough","Birdman or (The Unexpected Virtue of Ignorance)","20 de noviembre de 1981"
41,nm4347776,2019-11-16,2019-11-16,,"Belén Riquelme","Cuarenteenager",
42,nm5769780,2019-11-16,2019-11-16,,"Mariu Bárcena","Loca Olivia",
43,nm1046097,2019-11-16,2019-11-16,,"Rachel McAdams","The Notebook","17 de noviembre de 1978"
44,nm4442319,2019-11-16,2019-11-16,,"Kara Hayward","Moonrise Kingdom","17 de noviembre"
45,nm4496875,2019-11-16,2019-11-16,,"Mackenzie Davis","Terminator: Dark Fate","1 de abril"
46,nm1875238,2019-11-16,2019-11-16,,"Jessica Barden","Hanna","21 de julio de 1992"
47,nm3592338,2019-11-16,2019-11-16,,"Emilia Clarke","Game of Thrones","23 de octubre de 1986"
48,nm1297015,2019-11-16,2019-11-16,,"Emma Stone","La La Land","6 de noviembre de 1988"
49,nm2394794,2019-11-16,2019-11-16,,"Karen Gillan","Selfie","28 de noviembre de 1987"
50,nm6609666,2019-11-19,2019-11-19,,"Billie Lourd","Booksmart","17 de julio de 1992"
51,nm0731075,2019-11-19,2019-11-19,,"Emma Roberts","We're the Millers","10 de febrero de 1991"
52,nm0343678,2019-11-19,2019-11-19,,"Leslie Grossman","American Horror Story","25 de octubre de 1971"
53,nm1462513,2019-11-19,2019-11-19,,"Stefanie Black","This Is Us","21 de marzo"
54,nm1720028,2019-11-19,2019-11-19,,"Amber Heard","Aquaman","22 de abril de 1986"
55,nm1490123,2019-11-19,2019-11-19,,"James Wan","Saw","26 de febrero de 1977"
56,nm0000173,2019-11-19,2019-11-19,,"Nicole Kidman","Moulin Rouge!","20 de junio de 1967"
57,nm0001593,2019-11-24,2019-11-24,,"Anna Paquin","The Piano","24 de julio de 1982"
58,nm0000217,2019-11-24,2019-11-24,,"Martin Scorsese","Taxi Driver","17 de noviembre de 1942"
59,nm1143816,2019-11-24,2019-11-24,,"Lily Rabe","Fractured","29 de junio"
60,nm1396022,2019-11-27,2019-11-27,,"Anna Torv","Fringe","7 de junio de 1979"
61,nm2193120,2019-11-27,2019-11-27,,"Hannah Gross","Joker",
62,nm0144519,2019-12-09,2019-12-09,,"Cristina Castaño","Sin plomo","30 de octubre de 1978"
63,nm2009186,2019-12-09,2019-12-09,,"Miren Ibarguren","Los sin nombre","23 de mayo de 1980"
64,nm9842457,2019-12-09,2019-12-09,,"Mero González","Lo carga el diablo",
65,nm2017943,2019-12-10,2019-12-10,,"Hayley Atwell","Captain America: The First Avenger","5 de abril de 1982"
66,nm0000307,2019-12-10,2019-12-10,,"Helena Bonham Carter","Sweeney Todd: The Demon Barber of Fleet Street","26 de mayo de 1966"
67,nm4141252,2019-12-10,2019-12-10,,"Lily James","Cinderella","5 de abril de 1989"
68,nm0540441,2019-12-19,2019-12-19,,"Jena Malone","The Neon Demon","21 de noviembre de 1984"
69,nm0000106,2019-12-19,2019-12-19,,"Drew Barrymore","Charlie's Angels","22 de febrero de 1975"
70,nm9737150,2019-12-21,2019-12-21,,"Louise Labèque","Au bout des doigts","13 de abril de 2003"
71,nm0005392,2019-12-23,2019-12-23,,"Keri Russell","The Diplomat","23 de marzo de 1976"
72,nm5397459,2019-12-23,2019-12-23,,"Daisy Ridley","Star Wars: Episode VII - The Force Awakens","10 de abril de 1992"
73,nm0000402,2019-12-23,2019-12-23,,"Carrie Fisher","Star Wars","21 de octubre de 1956"
74,nm0009190,2019-12-23,2019-12-23,,"J.J. Abrams","Lost","27 de junio de 1966"
75,nm3485845,2019-12-23,2019-12-23,,"Adam Driver","Star Wars: Episode VII - The Force Awakens","19 de noviembre de 1983"
76,nm0005416,2019-12-30,2019-12-30,,"Vinessa Shaw","3:10 to Yuma","19 de julio de 1976"
77,nm0005447,2019-12-30,2019-12-30,,"Leelee Sobieski","Never Been Kissed","10 de junio de 1983"
78,nm0852801,2019-12-30,2019-12-30,,"Louise Taylor-Smith","Eyes Wide Shut",
79,nm0861344,2019-12-30,2019-12-30,,"Stewart Thorndike","Eyes Wide Shut",
80,nm5057169,2020-01-19,2020-01-19,,"Thomasin McKenzie","Leave No Trace","26 de julio de 2000"
81,nm0424060,2020-01-19,2020-01-19,,"Scarlett Johansson","Lost in Translation","22 de noviembre de 1984"
82,nm0169806,2020-01-19,2020-01-19,,"Taika Waititi","What We Do in the Shadows","16 de agosto de 1975"
83,nm3860305,2020-01-19,2020-01-19,,"Lola Kirke","Gone Girl","27 de septiembre"
84,nm3231692,2020-01-19,2020-01-19,,"Hannah Dunne","Marriage Story","8 de abril de 1990"
85,nm1935086,2020-01-24,2020-01-24,,"Tessa Thompson","Creed","3 de octubre de 1983"
86,nm2547958,2020-01-24,2020-01-24,,"Kate Berlant","Once Upon a Time in... Hollywood","16 de julio de 1987"
87,nm1869101,2020-01-24,2020-01-24,,"Ana de Armas","Blade Runner 2049","30 de abril de 1988"
88,nm0935541,2020-01-24,2020-01-24,,"Mary Elizabeth Winstead","10 Cloverfield Lane","28 de noviembre de 1984"
89,nm1736769,2020-01-27,2020-01-27,,"Ariel Winter","Sofia the First","28 de enero de 1998"
90,nm0405103,2020-01-27,2020-01-27,,"Sarah Hyland","Vampire Academy","24 de noviembre de 1990"
91,nm8058666,2020-02-09,2020-02-09,,"Cris Iglesias","Antes de nós",
92,nm2399383,2020-02-29,2020-02-29,,"Annalise Basso","Captain Fantastic","2 de diciembre de 1998"
93,nm5065920,2020-02-29,2020-02-29,,"Julia Goldani Telles","Slender Man","18 de marzo de 1995"
94,nm1354955,2020-03-14,2020-03-14,,"Irene Escolar","Dime quién soy","19 de octubre de 1988"
95,nm3816157,2020-03-14,2020-03-14,,"Megan Montaner","Sin identidad","21 de agosto"
96,nm9681752,2020-03-14,2020-03-14,,"Julia Fox","Uncut Gems","2 de febrero de 1990"
97,nm3418701,2020-03-15,2020-03-15,,"Priscilla Delgado","Julieta","31 de marzo de 2002"
98,nm3188127,2020-03-22,2020-03-22,,"Itsaso Arana","Las chicas están bien","20 de agosto de 1985"
99,nm0303073,2020-03-24,2020-03-24,,"Melissa Fumero","Brooklyn Nine-Nine","19 de agosto"
100,nm2003229,2020-03-24,2020-03-24,,"Chelsea Peretti","Parks and Recreation","20 de febrero de 1978"
101,nm3715867,2020-03-24,2020-03-24,,"Stephanie Beatriz","Encanto","10 de febrero de 1981"
102,nm2654829,2020-03-31,2020-03-31,,"Maude Apatow","This Is 40","15 de diciembre de 1997"
103,nm2285844,2020-04-05,2020-04-05,,"Inma Cuesta","La novia","25 de junio de 1980"
104,nm3196216,2020-04-09,2020-04-09,,"Emily Robinson","Ugly Cry","18 de octubre de 1998"
105,nm3918035,2020-04-11,2020-04-11,,"Zendaya","Spider-Man: Homecoming","1 de septiembre de 1996"
106,nm3886028,2020-04-11,2020-04-11,,"Angourie Rice","The Nice Guys","1 de enero de 2001"
107,nm1130627,2020-04-11,2020-04-11,,"Cobie Smulders","The Avengers","3 de abril de 1982"
108,nm1194748,2020-04-17,2020-04-17,,"Adèle Haenel","Portrait de la jeune fille en feu","11 de febrero de 1989"
109,nm1662011,2020-04-20,2020-04-20,,"Morjana Alaoui","Martyrs","1983"
110,nm0004851,2020-04-25,2020-04-25,,"Penélope Cruz","Vicky Cristina Barcelona","28 de abril de 1974"
111,nm5443544,2020-04-25,2020-04-25,,"Mar del Corral","Todos lo saben",
112,nm2907059,2020-04-25,2020-04-25,,"Carla Campra","Todos lo saben","16 de abril de 1999"
113,nm0000702,2020-05-01,2020-05-01,,"Reese Witherspoon","Wild","22 de marzo de 1976"
114,nm0940362,2020-05-01,2020-05-01,,"Shailene Woodley","Divergent","15 de noviembre de 1991"
115,nm0000301,2020-05-02,2020-05-02,,"Thora Birch","Ghost World","11 de marzo de 1982"
116,nm3177382,2020-05-03,2020-05-03,,"Belén Cuesta","La Llamada","24 de enero de 1984"
117,nm0665235,2020-05-15,2020-05-15,,"Elsa Pataky","Furious 6","18 de julio de 1976"
118,nm0005253,2020-06-08,2020-06-08,,"Elisabeth Moss","The Invisible Man","24 de julio de 1982"
119,nm1419440,2020-06-13,2020-06-13,,"Ivana Baquero","El laberinto del fauno","11 de junio"
120,nm1102577,2020-06-13,2020-06-13,,"Elle Fanning","Super 8","9 de abril de 1998"
121,nm1411125,2020-06-13,2020-06-13,,"Selena Gomez","Spring Breakers","22 de julio de 1992"
122,nm6848259,2020-06-13,2020-06-13,,"Olivia Delcán","Isla Bonita","29 de mayo de 1992"
123,nm2442289,2020-06-13,2020-06-13,,"Gina Carano","The Mandalorian","16 de abril"
124,nm1235867,2020-06-20,2020-06-20,,"Nadia de Santiago","El tiempo que te doy","3 de enero de 1990"
125,nm4170579,2020-06-20,2020-06-20,,"Iria del Río","Los años nuevos","13 de enero de 1987"
126,nm10061586,2020-06-20,2020-06-20,,"Carmen Arrufat","La innocència","11 de octubre de 2002"
127,nm3419668,2020-06-29,2020-06-29,,"Aisha Dee","Safe Home","13 de septiembre de 1993"
128,nm3126686,2020-07-04,2020-07-04,,"Julia Stockler","A Vida Invisível de Eurídice Gusmão",
129,nm0439344,2020-07-05,2020-07-05,,"Anna Karina","Une femme est une femme","22 de septiembre de 1940"
130,nm7328813,2020-07-25,2020-07-25,,"María de Nati","El reino","11 de junio de 1997"
131,nm3730253,2020-07-25,2020-07-25,,"Alexandra Borbély","Teströl és lélekröl","4 de septiembre de 1986"
132,nm2757249,2020-07-25,2020-07-25,,"Réka Tenki","Teströl és lélekröl","18 de junio de 1986"
133,nm3562015,2020-07-31,2020-07-31,,"Melissanthi Mahut","Assassin's Creed: Odyssey","20 de septiembre de 1988"
134,nm6045387,2020-07-31,2020-07-31,,"Elina Alminas","Ex Machina",
135,nm5131296,2020-08-15,2020-08-15,,"Natalia de Molina","Techo y comida","19 de diciembre de 1989"
136,nm1699333,2020-08-15,2020-08-15,,"Ruth Díaz","Tarde para la ira","26 de enero de 1975"
137,nm2409796,2020-08-15,2020-08-15,,"Mona Martínez","Adiós","16 de abril de 1968"
138,nm0297443,2020-08-15,2020-08-15,,"Mariola Fuentes","Los abrazos rotos","12 de agosto de 1970"
139,nm2992123,2020-08-17,2020-08-17,,"Marta Martín","Tres metros sobre el cielo","1990"
140,nm1206701,2020-08-17,2020-08-17,,"Leticia Dolera","[Rec]³: Génesis","23 de octubre de 1981"
141,nm1298582,2020-08-17,2020-08-17,,"Anna Castillo","Nowhere","9 de octubre de 1993"
142,nm3467663,2020-08-17,2020-08-17,,"Aura Garrido","El ministerio del tiempo","29 de mayo de 1989"
143,nm1011122,2020-08-17,2020-08-17,,"Cecilia Freire","Velvet","17 de noviembre de 1981"
144,nm0679150,2020-08-17,2020-08-17,,"Candela Peña","Todo sobre mi madre","14 de julio de 1973"
145,nm1800447,2020-08-21,2020-08-21,,"Rocío León","Tengo que matar a María","25 de junio de 1984"
146,nm2993965,2020-08-21,2020-08-21,,"Cristina Gallego","Todos tus secretos",
147,nm3435229,2020-08-24,2020-08-24,,"Silvia Alonso","Durante la tormenta","28 de diciembre de 1989"
148,nm1067496,2020-08-24,2020-08-24,,"Miryam Gallego","Águila Roja","1976"
149,nm4264236,2020-08-24,2020-08-24,,"Bruna Cusí","Estiu 1993","9 de septiembre de 1986"
150,nm0076396,2020-08-25,2020-08-25,,"Sue Bernard","Faster, Pussycat! Kill! Kill!","11 de febrero de 1948"
151,nm0014960,2020-08-27,2020-08-27,,"Alexandre Aja","Haute tension","7 de agosto de 1978"
152,nm0678238,2020-09-01,2020-09-01,,"Sonia Petrovna","La prima notte di quiete","13 de enero de 1952"
153,nm3227090,2020-09-01,2020-09-01,,"Damien Chazelle","Whiplash","19 de enero de 1985"
154,nm0683467,2020-09-03,2020-09-03,,"Alison Pill","Scott Pilgrim vs. the World","27 de noviembre de 1985"
155,nm8314228,2020-09-03,2020-09-03,,"Cailee Spaeny","Alien: Romulus","24 de julio de 1998"
156,nm3270673,2020-09-06,2020-09-06,,"Rachel Jackson","Beats","23 de agosto"
157,nm4456120,2020-09-11,2020-09-11,,"Elizabeth Debicki","Everest","24 de agosto de 1990"
158,nm2832695,2020-09-14,2020-09-14,,"Deborah Ann Woll","True Blood","7 de febrero de 1985"
159,nm0304801,2020-09-14,2020-09-14,,"Romola Garai","Atonement","6 de agosto de 1982"
160,nm2858875,2020-09-19,2020-09-19,,"Sydney Sweeney","Euphoria","12 de septiembre de 1997"
161,nm9840685,2020-09-19,2020-09-19,,"Andrea Fandos","Las niñas",
162,nm10863257,2020-09-19,2020-09-19,,"Zoé Arnao","Journey to Bethlehem",
163,nm7340546,2020-09-20,2020-09-20,,"Eliza Scanlen","Little Women","6 de enero de 1999"
164,nm1985859,2020-09-20,2020-09-20,,"Mia Wasikowska","Alice in Wonderland","25 de octubre de 1989"
165,nm2187703,2020-09-22,2020-09-22,,"Betsy Túrnez","Contratiempo","13 de octubre de 1974"
166,nm3586035,2020-09-26,2020-09-26,,"Maisie Williams","The New Mutants","15 de abril de 1997"
167,nm7385556,2020-09-26,2020-09-26,,"Blu Hunt","The New Mutants","11 de julio de 1995"
168,nm1519680,2020-10-03,2020-10-03,,"Saoirse Ronan","Hanna","12 de abril de 1994"
169,nm0126284,2020-10-04,2020-10-04,,"Rose Byrne","Spy","24 de julio de 1979"
170,nm0001491,2020-10-04,2020-10-04,,"Melanie Lynskey","Togetherness","16 de mayo de 1977"
171,nm2650819,2020-10-09,2020-10-09,,"Adèle Exarchopoulos","La Vie d'Adèle: Chapitres 1 et 2","22 de noviembre de 1993"
172,nm0607865,2020-10-10,2020-10-10,,"Emily Mortimer","Mary Poppins Returns","6 de octubre de 1971"
173,nm2757333,2020-10-10,2020-10-10,,"Bella Heathcote","The Neon Demon","27 de mayo de 1987"
174,nm10301720,2020-10-12,2020-10-12,,"Fruzsina Hais","Post Mortem",
175,nm4608926,2020-10-12,2020-10-12,,"Valeria Gonzalez","Inside the Circle",
176,nm7015080,2020-10-12,2020-10-12,,"Romane Denis","Charlotte a du fun",
177,nm4209430,2020-10-13,2020-10-13,,"Carlos Vermut","Quién te cantará","6 de marzo de 1980"
178,nm3014031,2020-10-15,2020-10-15,,"Rachel Brosnahan","The Marvelous Mrs. Maisel","12 de julio de 1990"
179,nm4620730,2020-10-16,2020-10-16,,"Tara Basro","Perempuan tanah jahanam","11 de junio de 1990"
180,nm6904578,2020-10-17,2020-10-17,,"Mireia Oriol","Alma","1996"
181,nm4374524,2020-10-17,2020-10-17,,"Noémie Merlant","Portrait de la jeune fille en feu","27 de noviembre de 1988"
182,nm5198446,2020-10-20,2020-10-20,,"Cecily Strong","Saturday Night Live","8 de febrero de 1984"
183,nm7692698,2020-10-23,2020-10-23,,"Katherine Langford","Knives Out","29 de abril de 1996"
184,nm1597268,2020-10-26,2020-10-26,,"Mary Mouser","Alexander and the Terrible, Horrible, No Good, Very Bad Day","9 de mayo de 1996"
185,nm2572554,2020-10-26,2020-10-26,,"Peyton List","Diary of a Wimpy Kid: Dog Days","6 de abril de 1998"
186,nm0240318,2020-10-26,2020-10-26,,"Lola Dueñas","Mar adentro","6 de octubre de 1971"
187,nm7527792,2020-10-26,2020-10-26,,"Ester Expósito","Venus","26 de enero de 2000"
188,nm6077431,2020-11-04,2020-11-04,,"Mathilde Warnier","The Widow","2 de octubre de 1991"
189,nm0000383,2020-11-07,2020-11-07,,"Jennifer Ehle","Zero Dark Thirty","29 de diciembre de 1969"
190,nm6077056,2020-11-07,2020-11-07,,"Morfydd Clark","Saint Maud","17 de marzo de 1989"
191,nm9299588,2020-11-08,2020-11-08,,"Catalina Sopelana","Videoclub 2001",
192,nm3459140,2020-11-15,2020-11-15,,"Olivia Luccardi","It Follows","17 de mayo de 1989"
193,nm2812026,2020-11-26,2020-11-26,,"Nathalie Emmanuel","Fast & Furious 7","2 de marzo de 1989"
194,nm0116167,2020-11-28,2020-11-28,,"Catherine Brunet","Farador","30 de octubre de 1990"
195,nm4457775,2020-11-28,2020-11-28,,"Ella Hunt","Dickinson","29 de abril de 1998"
196,nm7939956,2020-11-29,2020-11-29,,"Giorgia Whigham","Sierra Burgess Is a Loser","19 de agosto de 1997"
197,nm3766704,2020-12-07,2020-12-07,,"Amaia Aberasturi","Akelarre","28 de abril de 1997"
198,nm2863778,2020-12-07,2020-12-07,,"Jade Olieberg","De club","1 de octubre de 1993"
199,nm6098424,2020-12-09,2020-12-09,,"Paula Usero","#Luimelia","22 de octubre de 1991"
200,nm2681284,2020-12-12,2020-12-12,,"Jessica De Gouw","The Union","15 de febrero"
201,nm6096118,2020-12-12,2020-12-12,,"Sophia Lillis","It","13 de febrero de 2002"
202,nm4972453,2020-12-18,2020-12-18,,"Olivia Cooke","Ready Player One","27 de diciembre de 1993"
203,nm0914455,2020-12-22,2020-12-22,,"Leonor Watling","My Life Without Me","28 de julio de 1975"
204,nm1690097,2020-12-26,2020-12-26,,"Carolina Lapausa","Pulsaciones","1980"
205,nm5229260,2020-12-27,2020-12-27,,"Rosalinda Galán","The Third Place",
206,nm4201461,2021-01-02,2021-01-02,,"Ingrid García-Jonsson","Hermosa juventud","6 de septiembre de 1991"
207,nm1531585,2021-01-02,2021-01-02,,"Verónica Echegui","The Cold Light of Day","16 de junio de 1983"
208,nm0577867,2021-01-03,2021-01-03,,"Marisa Mell","Diabolik","24 de febrero de 1939"
209,nm7210025,2021-01-10,2021-01-10,,"Maria Bakalova","Borat Subsequent Moviefilm: Delivery of Prodigious Bribe to American Regime for Make Benefit Once Glorious Nation of Kazakhstan","4 de junio de 1996"
210,nm0622980,2021-01-24,2021-01-24,,"Nieves Navarro","La morte cammina con i tacchi alti","10 de noviembre de 1938"
211,nm0952841,2021-01-24,2021-01-24,,"Mónica Zanchi","Incontri molto... ravvicinati del quarto tipo","1959"
212,nm2129662,2021-01-29,2021-01-29,,"Cristin Milioti","Palm Springs","16 de agosto de 1985"
213,nm0172769,2021-01-30,2021-01-30,,"Madeleine Collinson","Permissive","22 de julio de 1952"
214,nm0475752,2021-01-30,2021-01-30,,"Chiaki Kuriyama","Kill Bill: Vol. 1","10 de octubre de 1984"
215,nm11929341,2021-02-05,2021-02-05,,"Tamara Saade","The Devil and the Bicycle",
216,nm2665105,2021-02-07,2021-02-07,,"Grace Van Patten","Mayday","21 de noviembre de 1996"
217,nm8180163,2021-02-13,2021-02-13,,"Lily Newmark","Solo: A Star Wars Story","24 de mayo de 1994"
218,nm2247245,2021-02-28,2021-02-28,,"Haley Bennett","Swallow","7 de enero de 1988"
219,nm0186225,2021-03-01,2021-03-01,,"Barbara Crampton","From Beyond","27 de diciembre"
220,nm6764011,2021-03-02,2021-03-02,,"Madeline Quinn","The Scary of Sixty-First","22 de enero de 1991"
221,nm0006702,2021-03-02,2021-03-02,,"Ana Belén","La pasión turca","27 de mayo de 1951"
222,nm10823391,2021-03-03,2021-03-03,,"Elisheva Weil","Mishehu Yohav Mishehu",
223,nm6597419,2021-03-03,2021-03-03,,"Ani Mesa-Perez","Destroy All Girls",
224,nm6597420,2021-03-03,2021-03-03,,"Alessandra Mesa","Superior",
225,nm8018197,2021-03-05,2021-03-05,,"Eugénie Derouand","Le coeur du pélican",
226,nm0466977,2021-03-14,2021-03-14,,"Sylva Koscina","Le fatiche di Ercole","22 de agosto de 1933"
227,nm0370769,2021-03-18,2021-03-18,,"Linda Hayden","The Boys from Brazil","19 de enero de 1953"
228,nm1063517,2021-03-20,2021-03-20,,"Kathryn Hahn","Afternoon Delight","23 de julio de 1973"
229,nm3400186,2021-03-26,2021-03-26,,"Julia Garner","The Fantastic Four: First Steps","1 de febrero de 1994"
230,nm3779551,2021-04-06,2021-04-06,,"Laura Ledesma","Diana","2 de junio de 1993"
231,nm0790057,2021-04-24,2021-04-24,,"Alia Shawkat","Arrested Development","18 de abril de 1989"
232,nm4699715,2021-05-02,2021-05-02,,"Madeleine Arthur","To All the Boys I've Loved Before","10 de marzo de 1997"
233,nm2142336,2021-05-16,2021-05-16,,"Riley Keough","Mad Max: Fury Road","29 de mayo de 1989"
234,nm4806887,2021-05-16,2021-05-16,,"Chloe Fineman","Saturday Night Live","20 de julio de 1988"
235,nm5906920,2021-05-16,2021-05-16,,"Heidi Gardner","Hustle","27 de julio de 1983"
236,nm0571952,2021-05-16,2021-05-16,,"Kate McKinnon","Ghostbusters","6 de enero de 1984"
237,nm1411610,2021-05-17,2021-05-17,,"Alexandra Jiménez","Les distàncies","4 de enero de 1980"
238,nm2399032,2021-05-17,2021-05-17,,"Asia Ortega","Hasta el cielo","18 de mayo de 1995"
239,nm6976735,2021-05-23,2021-05-23,,"Rachel Sennott","Shiva Baby","19 de septiembre de 1995"
240,nm1094137,2021-05-23,2021-05-23,,"Molly Gordon","Theater Camp","6 de diciembre de 1994"
241,nm4078485,2021-05-24,2021-05-24,,"Maria Rodríguez Soto","Els dies que vindran","1986"
242,nm0000749,2021-05-28,2021-05-28,,"Mädchen Amick","Sleepwalkers","12 de diciembre de 1970"
243,nm0000145,2021-05-28,2021-05-28,,"Sherilyn Fenn","Of Mice and Men","1 de febrero de 1965"
244,nm0000186,2021-05-28,2021-05-28,,"David Lynch","Twin Peaks","20 de enero de 1946"
245,nm8075925,2021-06-01,2021-06-01,,"Millicent Simmonds","A Quiet Place","6 de marzo de 2003"
246,nm10567357,2021-06-04,2021-06-04,,"Lucía Juárez","El arte de volver",
247,nm11293332,2021-06-05,2021-06-05,,"Devin France","Wendy",
248,nm2525790,2021-06-05,2021-06-05,,"Bel Powley","The Diary of a Teenage Girl","7 de marzo de 1992"
249,nm10698408,2021-06-07,2021-06-07,,"María Romanillos","Las Consecuencias","17 de marzo de 2004"
250,nm0629855,2021-06-08,2021-06-08,,"Julianne Nicholson","August: Osage County","1 de julio de 1971"
251,nm3644706,2021-06-08,2021-06-08,,"Noël Wells","Mr. Roosevelt","23 de diciembre de 1986"
252,nm0000204,2021-06-09,2021-06-09,,"Natalie Portman","Black Swan","9 de junio de 1981"
253,nm0926165,2021-06-09,2021-06-09,,"Mae Whitman","Hope Floats","9 de junio de 1988"
254,nm11280349,2021-06-10,2021-06-10,,"Patricia Iserte","Paraíso",
255,nm0001179,2021-06-11,2021-06-11,,"Anita Ekberg","La dolce vita","29 de septiembre de 1931"
256,nm2584600,2021-06-11,2021-06-11,,"Julianne Hough","Rock of Ages","20 de julio de 1988"
257,nm0015196,2021-06-11,2021-06-11,,"Malin Akerman","Watchmen","12 de mayo de 1978"
258,nm0993507,2021-06-13,2021-06-13,,"Kat Dennings","Nick and Norah's Infinite Playlist","13 de junio de 1986"
259,nm0000109,2021-06-14,2021-06-14,,"Yasmine Bleeth","BASEketball","14 de junio de 1968"
260,nm3606106,2021-06-15,2021-06-15,,"Sterling Jerins","World War Z","15 de junio de 2004"
261,nm0000677,2021-06-19,2021-06-19,,"Robin Tunney","The Craft","19 de junio de 1972"
262,nm3095562,2021-06-20,2021-06-20,,"Tuppence Middleton","National Theatre Live: The Motive and the Cue","21 de febrero"
263,nm0000496,2021-06-21,2021-06-21,,"Juliette Lewis","Cape Fear","21 de junio de 1973"
264,nm1851981,2021-06-23,2021-06-23,,"Melissa Rauch","The Big Bang Theory","23 de junio de 1980"
265,nm2201555,2021-06-26,2021-06-26,,"Aubrey Plaza","Safety Not Guaranteed","26 de junio de 1984"
266,nm3812858,2021-06-26,2021-06-26,,"Ariana Grande","Wicked","26 de junio de 1993"
267,nm0000254,2021-06-27,2021-06-27,,"Isabelle Adjani","Possession","27 de junio de 1955"
268,nm2244205,2021-07-01,2021-07-01,,"Léa Seydoux","La Vie d'Adèle: Chapitres 1 et 2","1 de julio de 1985"
269,nm1200692,2021-07-06,2021-07-06,,"Eva Green","Casino Royale","6 de julio de 1980"
270,nm0807679,2021-07-10,2021-07-10,,"Cheryl Smith","Cinderella","6 de junio de 1955"
271,nm1752221,2021-07-10,2021-07-10,,"Gina Rodriguez","Deepwater Horizon","30 de julio de 1984"
272,nm9923141,2021-07-11,2021-07-11,,"Anya Chalotra","The Witcher","28 de julio de 1995"
273,nm10140373,2021-07-14,2021-07-14,,"Celia Monedero","Skam España",
274,nm2969728,2021-07-14,2021-07-14,,"Susana Abaitua","Compulsión","5 de octubre de 1990"
275,nm6759748,2021-07-16,2021-07-16,,"Pearl Amanda Dickson","Lucy in the Sky",
276,nm10428193,2021-07-17,2021-07-17,,"Sabrina De La Hoz","La llorona",
277,nm9129886,2021-07-17,2021-07-17,,"Diane Bathen","Temblores",
278,nm0717709,2021-07-18,2021-07-18,,"Kelly Reilly","Pride & Prejudice","18 de julio de 1977"
279,nm0596670,2021-07-18,2021-07-18,,"Claudia Molina","Planta 25","19 de noviembre de 1985"
280,nm1017334,2021-07-21,2021-07-21,,"Juno Temple","Atonement","21 de julio de 1989"
281,nm0000427,2021-07-23,2021-07-23,,"Pam Grier","Jackie Brown","26 de mayo de 1949"
282,nm4960279,2021-07-23,2021-07-23,,"Margaret Qualley","Once Upon a Time in... Hollywood","23 de octubre de 1994"
283,nm0266824,2021-07-27,2021-07-27,,"Dakota Fanning","War of the Worlds","23 de febrero de 1994"
284,nm5611121,2021-07-31,2021-07-31,,"Millie Bobby Brown","Enola Holmes","19 de febrero de 2004"
285,nm0880521,2021-08-02,2021-08-02,,"Liv Ullmann","Viskningar och rop","16 de diciembre de 1938"
286,nm0001012,2021-08-04,2021-08-04,,"Claudia Cardinale","C'era una volta il West","15 de abril de 1938"
287,nm0000003,2021-08-04,2021-08-04,,"Brigitte Bardot","Le Mépris","28 de septiembre de 1934"
288,nm1950086,2021-08-04,2021-08-04,,"Greta Gerwig","Barbie","4 de agosto de 1983"
289,nm1275259,2021-08-04,2021-08-04,,"Alexandra Daddario","Baywatch","16 de marzo de 1986"
290,nm0865501,2021-08-10,2021-08-10,,"Maria Teresa Toffano","La notte che Evelyn uscì dalla tomba",
291,nm3034977,2021-08-25,2021-08-25,,"Samara Weaving","Three Billboards Outside Ebbing, Missouri","23 de febrero de 1992"
292,nm3725055,2021-09-09,2021-09-09,,"Jessica Henwick","The Royal Hotel","30 de agosto"
293,nm0267812,2021-09-11,2021-09-11,,"Vera Farmiga","The Departed","6 de agosto de 1973"
294,nm2265157,2021-09-11,2021-09-11,,"Isabelle Fuhrman","Orphan","25 de febrero de 1997"
295,nm5046593,2021-09-14,2021-09-14,,"Amy Forsyth","Hell Fest","6 de agosto de 1995"
296,nm0169358,2021-09-16,2021-09-16,,"Emma Cohen","Novela","21 de noviembre de 1946"
297,nm4469165,2021-10-07,2021-10-07,,"Garance Marillier","Grave","11 de febrero de 1998"
298,nm6224152,2021-10-08,2021-10-08,,"Paula Gallego","La pasajera","5 de febrero de 2004"
299,nm6906829,2021-10-08,2021-10-08,,"Annes Elwy","Little Women",
300,nm5304098,2021-10-08,2021-10-08,,"Sarah Perles","Au Pair",
301,nm4842197,2021-10-09,2021-10-09,,"Hayley Squires","I, Daniel Blake","16 de abril de 1988"
302,nm1443740,2021-10-14,2021-10-14,,"Zoe Kazan","Ruby Sparks","9 de septiembre de 1983"
303,nm0626259,2021-10-19,2021-10-19,,"Franco Nero","John Wick: Chapter 2","23 de noviembre de 1941"
304,nm0707728,2021-10-19,2021-10-19,,"Giovanna Ralli","C'eravamo tanto amati","2 de enero de 1935"
305,nm8928699,2021-10-20,2021-10-20,,"Keith Thomas","The Vigil",
306,nm0179281,2021-10-21,2021-10-21,,"Sergio Corbucci","Django","6 de diciembre de 1926"
307,nm1296762,2021-10-26,2021-10-26,,"Macarena Gómez","Musarañas","2 de febrero de 1978"
308,nm0581145,2021-10-26,2021-10-26,,"Raquel Meroño","Paco y Veva","8 de agosto de 1975"
309,nm4068901,2021-10-26,2021-10-26,,"Madison Wolfe","The Conjuring 2","16 de octubre de 2002"
310,nm6264850,2021-10-30,2021-10-30,,"Eliza Rycembel","Boze Cialo","1992"
311,nm11579814,2021-10-30,2021-10-30,,"Almudena Amor","El buen patrón","30 de marzo de 1994"
312,nm8594741,2021-10-30,2025-08-22,,"Karina Kolokolchykova","La abuela","1992"
313,nm8002173,2021-10-30,2021-10-30,,"Chacha Huang","La casa de papel","13 de noviembre"
314,nm7210986,2021-10-31,2021-10-31,,"Erin Kellyman","Solo: A Star Wars Story","17 de octubre de 1998"
315,nm4023073,2021-11-02,2021-11-02,,"Rosa Salazar","Alita: Battle Angel","16 de julio de 1985"
316,nm7084251,2021-11-02,2021-11-02,,"Skylar Radzion","John, 316",
317,nm3425340,2021-11-02,2021-11-02,,"Margarethe von Stern","The Day of the Purple Sun: Part II",
318,nm0001303,2021-11-03,2021-11-03,,"Carla Gugino","Watchmen","29 de agosto de 1971"
319,nm10814833,2021-11-08,2021-11-08,,"Maria Morera","Libertad",
320,nm8132285,2021-11-10,2021-11-10,,"Amalia Ulman","El Planeta","1989"
321,nm7107258,2021-11-14,2021-11-14,,"Elisabet Casanovas","La Ruta","15 de diciembre de 1994"
322,nm0542146,2021-11-20,2021-11-20,,"Silvana Mangano","Dune","21 de abril de 1930"
323,nm0942486,2021-11-20,2021-11-20,,"Jenny Wright","Near Dark","23 de marzo de 1962"
324,nm0000899,2021-11-28,2021-11-28,,"Monica Bellucci","Malèna","30 de septiembre de 1964"
325,nm0000124,2021-12-02,2021-12-02,,"Jennifer Connelly","A Beautiful Mind","12 de diciembre de 1970"
326,nm0647634,2021-12-07,2021-12-07,,"Elizabeth Olsen","Martha Marcy May Marlene","16 de febrero de 1989"
327,nm0000478,2021-12-19,2021-12-19,,"Tawny Kitaen","Bachelor Party","5 de agosto de 1961"
328,nm5157662,2021-12-22,2021-12-22,,"Lulu Wilson","The Haunting of Hill House","7 de octubre"
329,nm5301405,2021-12-29,2021-12-29,,"Mia Goth","Pearl","25 de octubre de 1993"
330,nm3830257,2022-01-01,2022-01-01,,"Melissa Villaseñor","Hoppers","9 de octubre de 1987"
331,nm0150014,2022-01-12,2022-01-12,,"Pauline Challoner","One Step Beyond","1951"
332,nm0661192,2022-01-12,2022-01-12,,"Conchita Paredes","La residencia",
333,nm0554718,2022-01-12,2022-01-12,,"Maribel Martín","El juglar y la reina","1 de noviembre de 1954"
334,nm7393303,2022-01-14,2022-01-14,,"Sophie Thatcher","Companion","18 de octubre de 2000"
335,nm1555340,2022-01-14,2022-01-14,,"Alison Brie","GLOW","29 de diciembre de 1982"
336,nm5376319,2022-01-28,2022-01-28,,"Alisa Torres","Please Baby Please",
337,nm0000193,2022-01-28,2022-01-28,,"Demi Moore","Striptease","11 de noviembre de 1962"
338,nm0200680,2022-02-07,2022-02-07,,"Lise Danvers","Contes immoraux",
339,nm0018823,2022-02-07,2022-02-07,,"Charlotte Alexandra","Une vraie jeune fille",
340,nm0683831,2022-02-10,2022-02-10,,"Silvia Pinal","Viridiana","12 de septiembre de 1931"
341,nm3907977,2022-02-11,2022-02-11,,"Sophie Kargman","Query",
342,nm9476408,2022-03-01,2022-03-01,,"Hunter Schafer","Euphoria","31 de diciembre de 1998"
343,nm0740760,2022-03-06,2022-03-06,,"Mireia Ros","La Moños","3 de diciembre de 1956"
344,nm0508835,2022-03-06,2022-03-06,,"Eva Lyberten","Samanka","20 de diciembre de 1958"
345,nm0650449,2022-03-06,2022-03-06,,"Alicia Orozco","Los violadores del amanecer",
346,nm0493473,2022-03-06,2022-03-06,,"Linda Lay","Los violadores del amanecer",
347,nm0763768,2022-03-22,2022-03-22,,"Inma de Santis","La duda","24 de febrero de 1959"
348,nm3920288,2022-03-28,2022-03-28,,"Taissa Farmiga","The Final Girls","17 de agosto de 1994"
349,nm0438585,2022-03-31,2022-03-31,,"Valérie Kaprisky","Breathless","19 de agosto de 1962"
350,nm1799971,2022-04-08,2022-04-08,,"Marta Hazas","Amigos hasta la muerte","31 de diciembre de 1977"
351,nm0729252,2022-04-08,2022-04-08,,"Elena Rivera","Sequía","29 de agosto de 1992"
352,nm11778190,2022-04-13,2022-04-13,,"Rosalía Mira","Ella solo come carne",
353,nm4487976,2022-04-17,2022-04-17,,"Maddie Hasson","Elevation","4 de enero de 1995"
354,nm1132359,2022-04-28,2022-04-28,,"Summer Glau","Serenity","24 de julio de 1981"
355,nm1083430,2022-04-29,2022-04-29,,"Yoima Valdés","Agua con sal",
356,nm0785897,2022-04-29,2022-04-29,,"Nathalie Seseña","La Celestina","1967"
357,nm0000379,2022-05-01,2022-05-01,,"Kirsten Dunst","Spider-Man","30 de abril de 1982"
358,nm0274216,2022-05-01,2022-05-01,,"Rebecca Ferratti","Ace Ventura: Pet Detective","27 de noviembre de 1964"
359,nm1373106,2022-05-01,2022-05-01,,"Lali Espósito","Permitidos","10 de octubre de 1991"
360,nm6351089,2022-05-07,2022-05-07,,"Millie Brady","Roadkill","24 de diciembre de 1993"
361,nm0135037,2022-05-12,2022-05-12,,"Barbara Capell","L'éducation sentimentale","23 de enero de 1950"
362,nm0546556,2022-05-15,2022-05-15,,"Leticia Marfil","Mil gritos tiene la noche",
363,nm0303756,2022-05-15,2022-05-15,,"Silvia Gambino","Mil gritos tiene la noche","1 de enero de 1965"
364,nm0631331,2022-05-15,2022-05-15,,"Roxana Nieto","Mil gritos tiene la noche",
365,nm2539953,2022-05-19,2022-05-19,,"Alicia Vikander","Ex Machina","3 de octubre de 1988"
366,nm0616766,2022-05-19,2022-05-19,,"Kim Myers","A Nightmare on Elm Street Part 2: Freddy's Revenge","15 de febrero de 1966"
367,nm0005060,2022-05-24,2022-05-24,,"Kristen Johnston","Austin Powers: The Spy Who Shagged Me","20 de septiembre de 1967"
368,nm2028131,2022-06-02,2022-06-02,,"Adriana Torrebejano","La sombra de la ley","3 de noviembre de 1991"
369,nm0898288,2022-06-06,2022-06-06,,"Denis Villeneuve","Dune: Part One","3 de octubre de 1967"
370,nm0397171,2022-06-08,2022-06-08,,"Bryce Dallas Howard","Jurassic World: Dominion","2 de marzo de 1981"
371,nm0893638,2022-06-08,2022-06-08,,"Natalia Verbeke","El otro lado de la cama","23 de febrero de 1975"
372,nm8402992,2022-06-14,2022-06-14,,"Daisy Edgar-Jones","Normal People","24 de mayo de 1998"
373,nm10620978,2022-06-18,2022-06-18,,"Sidney Flanigan","Never Rarely Sometimes Always","19 de octubre de 1998"
374,nm7867621,2022-06-18,2022-06-18,,"Talia Ryder","Never Rarely Sometimes Always","16 de agosto de 2002"
375,nm0286579,2022-06-22,2022-06-22,,"Verónica Forqué","¿Qué he hecho YO para merecer esto!!","1 de diciembre de 1955"
376,nm1105980,2022-06-29,2022-06-29,,"Kathryn Newton","Ant-Man and the Wasp: Quantumania","8 de febrero"
377,nm0092608,2022-07-04,2022-07-04,,"Jenovéfa Boková","Chvilky","16 de mayo de 1992"
378,nm3987673,2022-07-05,2022-07-05,,"Ariane Labed","Assassin's Creed","8 de mayo de 1984"
379,nm3272744,2022-07-05,2022-07-05,,"Fatma Mohamed","In Fabric","4 de septiembre de 1975"
380,nm0219827,2022-07-06,2022-07-06,,"Donna Denton","Outlaw of Gor",
381,nm2251731,2022-07-09,2022-07-09,,"Aya Cash","The Boys","13 de julio"
382,nm9306091,2022-07-10,2022-07-10,,"Amaryllis Tremblay","Six Degrés",
383,nm1361837,2022-07-11,2022-07-11,,"Natalia Sánchez","Sueños de libertad","27 de marzo de 1990"
384,nm0845189,2022-07-11,2022-07-11,,"Verónica Sánchez","Gordos","1 de julio de 1977"
385,nm0000043,2022-07-11,2022-07-11,,"Veronica Lake","Sullivan's Travels","14 de noviembre de 1922"
386,nm2414781,2022-07-16,2022-07-16,,"Laura de la Isla","Barcelona, nit d'hivern","1987"
387,nm0001159,2022-07-16,2022-07-16,,"Faye Dunaway","Bonnie and Clyde","14 de enero de 1941"
388,nm0000303,2022-07-18,2022-07-18,,"Honor Blackman","Goldfinger","22 de agosto de 1925"
389,nm0247881,2022-07-18,2022-07-18,,"Shirley Eaton","Goldfinger","12 de enero de 1937"
390,nm1690270,2022-08-04,2022-08-04,,"Amber Midthunder","Prey","26 de abril"
391,nm0000805,2022-08-10,2022-08-10,,"Claudine Auger","Thunderball","26 de abril de 1941"
392,nm0000079,2022-08-12,2022-08-12,,"Raquel Welch","The Three Musketeers","5 de septiembre de 1940"
393,nm0284315,2022-08-16,2022-08-16,,"Alison Folland","To Die For","10 de agosto de 1978"
394,nm5584750,2022-08-16,2022-08-16,,"Sadie Sink","Stranger Things","16 de abril de 2002"
395,nm7581394,2022-08-16,2022-08-16,,"Audrey Holcomb","Stranger Things",
396,nm3513533,2022-09-03,2022-09-03,,"Stephanie Hsu","The Marvelous Mrs. Maisel","25 de noviembre de 1990"
397,nm4561559,2022-09-03,2022-09-03,,"Renate Reinsve","Affeksjonsverdi","24 de noviembre de 1987"
398,nm0840772,2022-09-19,2022-09-19,,"Emma Suárez","Julieta","25 de junio de 1964"
399,nm0728484,2022-09-19,2022-09-19,,"Ana Risueño","La herencia Valdemar","22 de junio de 1969"
400,nm2913275,2022-09-24,2022-09-24,,"Debby Ryan","Insatiable","13 de mayo de 1993"
401,nm11942181,2022-10-10,2022-10-10,,"Edurne Azkarate","Irati",
402,nm1189197,2022-10-11,2022-10-11,,"Quentin Dupieux","Rubber","14 de abril de 1974"
403,nm4205963,2022-10-11,2022-10-11,,"Oulaya Amamra","Divines","12 de noviembre de 1996"
404,nm1326732,2022-10-11,2022-10-11,,"Anaïs Demoustier","Le Comte de Monte-Cristo","29 de septiembre de 1987"
405,nm2140860,2022-10-12,2022-10-12,,"Maika Monroe","It Follows","29 de mayo de 1993"
406,nm1987150,2022-10-22,2022-10-22,,"Esperanza Pedreño","Camera café","20 de diciembre de 1974"
407,nm0851582,2022-12-09,2022-12-09,,"Audrey Tautou","Le Fabuleux Destin d'Amélie Poulain","9 de agosto de 1976"
408,nm5001826,2022-12-09,2022-12-09,,"Zoe Stein","Mantícora","2000"
409,nm13581656,2022-12-17,2022-12-17,,"Carla Quílez","La maternal","2008"
410,nm9220161,2022-12-20,2022-12-20,,"Markella Kavenagh","My First Summer","30 de enero de 2000"
411,nm0428065,2022-12-21,2022-12-21,,"Felicity Jones","Rogue One","17 de octubre de 1983"
412,nm2033210,2022-12-22,2022-12-22,,"Celia Freijeiro","Vida perfecta","9 de febrero de 1983"
413,nm0531808,2023-01-06,2023-01-06,,"Kelly Macdonald","No Country for Old Men","23 de febrero de 1976"
414,nm4911194,2023-01-13,2023-01-13,,"Jenna Ortega","Wednesday","27 de septiembre de 2002"
415,nm0771268,2023-01-14,2023-01-14,,"Rosanna Schiaffino","La mandragola","25 de noviembre de 1939"
416,nm0090041,2023-01-24,2023-01-24,,"Janus Blythe","The Hills Have Eyes","29 de enero de 1951"
417,nm2555462,2023-02-04,2023-02-04,,"Eiza González","Baby Driver","30 de enero"
418,nm0005412,2023-02-08,2023-02-08,,"Jane Seymour","Somewhere in Time","15 de febrero de 1951"
419,nm3948952,2023-02-11,2023-02-11,,"Vanessa Kirby","The Crown","18 de abril de 1987"
420,nm0000099,2023-02-11,2023-02-11,,"Patricia Arquette","True Romance","8 de abril de 1968"
421,nm0000486,2023-02-11,2023-02-11,,"Heather Langenkamp","A Nightmare on Elm Street","17 de julio de 1964"
422,nm0748075,2023-02-11,2023-02-11,,"Jennifer Rubin","Screamers","3 de abril de 1962"
423,nm0000208,2023-02-18,2023-02-18,,"Molly Ringwald","Sixteen Candles","18 de febrero de 1968"
424,nm6854116,2023-02-18,2023-02-18,,"Milly Alcock","Supergirl","11 de abril de 2000"
425,nm0006802,2023-03-11,2023-03-11,,"Toy Newkirk","A Nightmare on Elm Street 4: The Dream Master","27 de julio de 1969"
426,nm4714676,2023-03-31,2023-03-31,,"Luàna Bajrami","Portrait de la jeune fille en feu","14 de marzo de 2001"
427,nm3964350,2023-03-31,2023-03-31,,"Amandla Stenberg","The Hunger Games","23 de octubre de 1998"
428,nm0823219,2023-04-03,2023-04-03,,"Koo Stark","Electric Dreams","26 de abril de 1956"
429,nm0000819,2023-04-05,2023-04-05,,"Barbara Bach","The Spy Who Loved Me","28 de agosto de 1946"
430,nm0613098,2023-04-05,2023-04-05,,"Caroline Munro","The Spy Who Loved Me","16 de enero de 1949"
431,nm10847160,2023-04-06,2023-04-06,,"Suzanna Son","Red Rocket","31 de octubre de 1995"
432,nm3856214,2023-04-20,2023-04-20,,"Mireia Vilapuig","Selftape","2 de septiembre de 1997"
433,nm4001257,2023-04-20,2023-04-20,,"Joana Vilapuig","Selftape","23 de octubre de 1994"
434,nm1333962,2023-04-22,2023-04-22,,"Carolina Gaitan","Encanto","4 de abril de 1984"
435,nm4738005,2023-04-22,2023-04-22,,"Clara Alvarado","La casa de papel",
436,nm9016307,2023-04-28,2023-04-28,,"Katrin Vankova","The Unbearable Weight of Massive Talent",
437,nm2091852,2023-04-28,2023-04-28,,"Lily Mo Sheen","The Unbearable Weight of Massive Talent","31 de enero de 1999"
438,nm3380235,2023-04-29,2023-04-29,,"Ana Morgade","Tu cara me suena","8 de noviembre de 1979"
439,nm7463803,2023-05-03,2023-05-03,,"Julia Antonelli","Beau Is Afraid","7 de mayo de 2003"
440,nm0310823,2023-05-05,2023-05-05,,"Françoise Gayat","Moonraker",
441,nm0508828,2023-05-05,2023-05-05,,"Béatrice Libert","Moonraker",
442,nm2780716,2023-05-07,2023-05-07,,"Victoria Luengo","The Room Next Door","7 de abril de 1990"
443,nm3177499,2023-05-17,2023-05-17,,"Numa Paredes","Are You Afraid of the Dark?",
444,nm1982510,2023-05-20,2023-05-20,,"Jenna Coleman","Victoria","27 de abril de 1986"
445,nm2725254,2023-05-22,2023-05-22,,"María León","La voz dormida","30 de julio de 1984"
446,nm6713944,2023-05-28,2023-05-28,,"Laura Weissmahr","Salve Maria","1992"
447,nm0001349,2023-05-30,2023-05-30,,"Jennifer Love Hewitt","I Know What You Did Last Summer","21 de febrero de 1979"
448,nm0135666,2023-06-01,2023-06-01,,"Debora Caprioglio","Paprika","3 de mayo de 1968"
449,nm0342111,2023-06-01,2023-06-01,,"Eva Grimaldi","Intimo","7 de septiembre de 1961"
450,nm10678598,2023-06-05,2023-06-05,,"Yune Nogueiras","La infiltrada",
451,nm0073031,2023-06-07,2023-06-07,,"Femi Benussi","Il boia scarlatto","4 de marzo de 1945"
452,nm0001042,2023-06-09,2023-06-09,,"Lois Chiles","Moonraker","15 de abril de 1947"
453,nm8567338,2023-06-17,2023-06-17,,"Sasha Calle","The Flash","7 de agosto de 1995"
454,nm13592008,2023-06-25,2023-06-25,,"Frankie Corio","Aftersun","7 de julio de 2010"
455,nm0376602,2023-06-26,2023-06-26,,"Shirley Henderson","Star Wars: Episode IX - The Rise of Skywalker","24 de noviembre de 1965"
456,nm10563281,2023-06-27,2023-06-27,,"Aria Bedmar","Hermana Muerte","1 de diciembre de 1994"
457,nm0382920,2023-07-07,2023-07-07,,"Michele Hicks","Mr. Robot","4 de junio de 1973"
458,nm14341886,2023-07-09,2023-07-09,,"Ada Mar",,
459,nm0273312,2023-07-09,2023-07-09,,"Marta Fernández Muro","Laberinto de pasiones","12 de febrero de 1950"
460,nm1005787,2023-07-09,2023-07-09,,"Natalie Pinot","Ni una más",
461,nm11306934,2023-07-16,2023-07-16,,"Lydia Page","Blue Jean","29 de mayo de 2002"
462,nm2259018,2023-07-16,2023-07-16,,"Kerrie Hayes","Blue Jean","1986"
463,nm0928244,2023-07-18,2023-07-18,,"Lisa Wilcox","A Nightmare on Elm Street 4: The Dream Master","27 de abril"
464,nm0005571,2023-07-31,2023-07-31,,"Lisa Zane","Freddy's Dead: The Final Nightmare","5 de abril"
465,nm6341515,2023-08-02,2023-08-02,,"Hari Nef","Barbie","21 de octubre de 1992"
466,nm0000324,2023-08-10,2023-08-10,,"Barbara Carrera","Never Say Never Again","31 de diciembre de 1945"
467,nm4258351,2023-08-21,2023-08-21,,"Irantzu Zugarrondo","El reino",
468,nm14296240,2023-09-02,2023-09-02,,"Sara Espías","Dos dies i l'eternitat",
469,nm2863907,2023-09-11,2023-09-11,,"Andrea Duro","Tres metros sobre el cielo","14 de octubre de 1991"
470,nm7090381,2023-09-17,2023-09-17,,"Jasmine Lemée","Mon cirque à moi",
471,nm4836100,2023-09-20,2023-09-20,,"Nell Tiger Free","The First Omen","13 de octubre de 1999"
472,nm0004193,2023-10-06,2023-10-06,,"Debbie Rochon","Flesh of the Unforgiven","3 de noviembre de 1968"
473,nm11326276,2023-10-06,2023-10-06,,"Gabrielle Echols","Evil Dead Rise",
474,nm0410622,2023-10-13,2023-10-13,,"Katharine Isabelle","Ginger Snaps","2 de noviembre de 1981"
475,nm0444621,2023-10-13,2023-10-13,,"Monica Keena","While You Were Sleeping","28 de mayo de 1979"
476,nm0424848,2023-10-15,2023-10-15,,"Dakota Johnson","Fifty Shades of Grey","4 de octubre de 1989"
477,nm0803938,2023-10-16,2023-10-16,,"Brigitte Skay","Die Tote aus der Themse","18 de julio de 1940"
478,nm7567645,2023-10-21,2023-10-21,,"Sarah Sherman","Three Busy Debras","7 de marzo de 1993"
479,nm11109114,2023-10-21,2023-10-21,,"Chloe Troast","Please Don't Destroy: The Treasure of Foggy Mountain","14 de mayo de 1997"
480,nm8298041,2023-10-21,2023-10-21,,"Laia Manzanares","La Tierra llamando a Ana","30 de marzo de 1994"
481,nm5184937,2023-10-27,2023-10-27,,"Felicity Anne","The Cover-Up",
482,nm3192593,2023-10-29,2023-10-29,,"Lydia Fairén","Rey Gitano","2 de octubre de 1989"
483,nm3957052,2023-11-08,2023-11-08,,"Jenna Kanell","Terrifier","12 de noviembre"
484,nm2327927,2023-11-08,2023-11-08,,"Katie Maguire","Billions",
485,nm13805264,2023-12-01,2023-12-01,,"Ania Guijarro","La Mesías",
486,nm0414046,2023-12-15,2023-12-15,,"Sherry Jackson","The Miracle of Our Lady of Fatima","15 de febrero de 1942"
487,nm0000508,2023-12-15,2023-12-15,,"Carey Lowell","Licence to Kill","11 de febrero de 1961"
488,nm5913850,2023-12-16,2023-12-16,,"Nicole Wallace","Culpa mía","22 de marzo de 2002"
489,nm9342097,2023-12-31,2023-12-31,,"Ruby Cruz","Mare of Easttown","31 de marzo de 2000"
490,nm1284201,2024-02-03,2024-02-03,,"Mariona Ribas","Amistades peligrosas","18 de junio de 1984"
491,nm0447695,2024-02-04,2024-02-04,,"Anna Kendrick","Up in the Air","9 de agosto de 1985"
492,nm10662997,2024-02-09,2024-02-09,,"Helena Ezquerro","La Moderna",
493,nm5429286,2024-02-16,2024-02-16,,"Alícia Falcó","Las buenas compañías",
494,nm7914444,2024-02-20,2024-02-20,,"Karina Fontes","Babylon","15 de noviembre de 1992"
495,nm2212031,2024-03-01,2024-03-01,,"Abby Elliott","No Strings Attached","16 de junio de 1987"
496,nm0098710,2024-03-03,2024-03-03,,"María Botto","Hustle","10 de febrero de 1974"
497,nm3993669,2024-03-03,2024-03-03,,"Eva Ugarte","Mira lo que has hecho","14 de diciembre de 1983"
498,nm12865529,2024-03-04,2024-03-04,,"Paula Campos","Matar cangrejos",
499,nm12787121,2024-03-23,2024-03-23,,"Catherine Clinch","An Cailín Ciúin",
500,nm12704880,2024-04-19,2024-04-19,,"Mirela Balic","Una vocal","27 de agosto de 1999"
501,nm12130013,2024-05-18,2024-05-18,,"Isa Montalbán","Tótem Loba","1998"
502,nm15213425,2024-05-18,2024-05-18,,"Laura Wedel","Las largas sombras","7 de junio"
503,nm6847929,2024-05-18,2024-05-18,,"Amanda Arcuri","Fingernails","21 de octubre"
504,nm3752864,2024-06-02,2024-06-02,,"Paula Jornet","La banyera",
505,nm6891947,2024-06-09,2024-06-09,,"Lyna Khoudri","The French Dispatch of the Liberty, Kansas Evening Sun","3 de octubre de 1992"
506,nm0581953,2024-06-09,2024-06-09,,"Roxane Mesquida","À ma soeur !","1 de octubre"
507,nm0001560,2024-06-24,2024-06-24,,"Ornella Muti","Flash Gordon","9 de marzo de 1955"
508,nm9496380,2024-06-29,2024-06-29,,"Ingrid Torelli","Late Night with the Devil",
509,nm2898911,2024-07-06,2024-07-06,,"Mia McKenna-Bruce","Last Train to Christmas","3 de julio"
510,nm8954229,2024-07-07,2024-07-07,,"Maria Caballero","Alma",
511,nm6748436,2024-07-28,2024-07-28,,"Dafne Keen","Logan","4 de enero de 2005"
512,nm2865013,2024-08-04,2024-08-04,,"Helena Miquel","El idioma imposible",
513,nm1113550,2024-08-19,2024-08-19,,"Abigail Breslin","Little Miss Sunshine","14 de abril de 1996"
514,nm5527153,2024-09-01,2024-09-01,,"Rosaline Elbay","The Diplomat",
515,nm0632655,2024-09-02,2024-09-02,,"Momoko Nishida","Denji sentai Megarenjâ","12 de enero de 1975"
516,nm6812382,2024-09-08,2024-09-08,,"Aina Picarolo","Nina","8 de mayo de 2003"
517,nm0332081,2024-09-20,2024-09-20,,"Ellie Cornell","Halloween 4: The Return of Michael Myers","15 de diciembre de 1963"
518,nm0438388,2024-09-20,2024-09-20,,"Wendy Foxworth","Halloween 5: The Revenge of Michael Myers","19 de febrero de 1966"
519,nm7060064,2024-09-23,2024-09-23,,"Mia Khalifa","Ho in Headlights","10 de febrero de 1993"
520,nm2790595,2024-10-05,2024-10-05,,"May Calamawy","Ramy","28 de octubre de 1986"
521,nm11392028,2024-10-12,2024-10-12,,"Haizea Carneros","Cursed",
522,nm5931077,2024-10-27,2024-10-27,,"Kimberley Tell","Eva's Comet","10 de marzo"
523,nm7333021,2024-11-09,2024-11-09,,"Kaia Gerber","Bottoms","3 de septiembre de 2001"
524,nm9603580,2024-11-16,2024-11-16,,"Begoña Vargas","Las leyes de la frontera","18 de diciembre de 1999"
525,nm3703506,2024-12-08,2024-12-08,,"Eliya Shenhav","Pídeme lo que quieras",
526,nm0555331,2024-12-11,2024-12-11,,"Sonia Martínez","Segunda enseñanza","23 de septiembre de 1963"
527,nm2609571,2024-12-17,2024-12-17,,"Violeta Rodríguez","Violeta no coge el ascensor","3 de febrero de 1997"
528,nm1216145,2024-12-20,2024-12-20,,"Aina Clotet","Això no és Suècia","23 de septiembre de 1982"
529,nm0570896,2024-12-23,2024-12-23,,"Ashlyn Gere","Realities 2","14 de septiembre de 1959"
530,nm1443814,2025-01-12,2025-01-12,,"Clara Segura","Mar adentro","6 de mayo de 1974"
531,nm0722599,2025-01-17,2025-01-17,,"Madlyn Rhue","It's a Mad, Mad, Mad, Mad World","3 de octubre de 1935"
532,nm0422998,2025-01-26,2025-01-26,,"Lucía Jiménez","El Trono","21 de noviembre de 1978"
533,nm15446382,2025-02-01,2025-02-01,,"Camila del Campo","Los amantes astronautas",
534,nm1007012,2025-02-07,2025-02-07,,"Aida Folch","El artista y la modelo","24 de noviembre de 1986"
535,nm2168632,2025-02-08,2025-02-08,,"Manuela Vellés","Secuestrados","16 de enero de 1987"
536,nm3864163,2025-02-13,2025-02-13,,"Raffey Cassidy","The Brutalist","12 de noviembre"
537,nm0211473,2025-02-16,2025-02-16,,"Orchidea De Santis","Amore e morte nel giardino degli dei","20 de diciembre de 1948"
538,nm3990647,2025-02-27,2025-02-27,,"Valentina Herszage","Mate-me Por Favor","11 de marzo de 1998"
539,nm9500800,2025-02-27,2025-02-27,,"Bárbara Luz","Ainda Estou Aqui",
540,nm1212934,2025-03-16,2025-03-16,,"Elena de Frutos","R.I.S. Científica","23 de diciembre de 1985"
541,nm0833617,2025-04-01,2025-04-01,,"Dorothy Stratten","Galaxina","28 de febrero de 1960"
542,nm12149893,2025-04-09,2025-04-09,,"Gabriela Andrada","Pídeme lo que quieras","1999"
543,nm3871647,2025-04-11,2025-04-11,,"Dylan Gelula","First Girl I Loved","7 de mayo de 1994"
544,nm15730727,2025-04-21,2025-04-21,,"Lourdes Muñiz","¿Estás en casa?",
545,nm0526259,2025-05-01,2025-05-01,,"Zoë Lund","Bad Lieutenant","9 de febrero de 1962"
546,nm16412314,2025-05-02,2025-05-02,,"Maite Aguilar","Alemania",
547,nm6092492,2025-05-10,2025-05-10,,"Bailey Spry","It Follows",
548,nm2714273,2025-05-10,2025-05-10,,"Lili Sepe","It Follows","13 de enero"
549,nm8740834,2025-05-18,2025-05-18,,"Ryan Kiera Armstrong","The Lowdown","10 de marzo de 2010"
550,nm2204429,2025-05-31,2025-05-31,,"Kim Matula","Fighting with My Family","23 de agosto de 1988"
551,nm5563492,2025-06-01,2025-06-01,,"Angélique Pleau","20 ans d'écart",
552,nm11004152,2025-06-18,2025-06-18,,"Elizabeth Dulau","Wicked",
553,nm9480386,2025-06-23,2025-06-23,,"Dora Dimic Rakar","Crno-bijeli svijet","1996"
554,nm8349839,2025-07-04,2025-07-04,,"Ever Anderson","Resident Evil: The Final Chapter","3 de noviembre de 2007"
555,nm4129745,2025-07-07,2025-07-07,,"Allison Williams","Girls","13 de abril de 1988"
556,nm9209960,2025-07-21,2025-07-21,,"Barbie Ferreira","Bob Trevino Likes It","14 de diciembre de 1996"
557,nm0674020,2025-07-22,2025-07-22,,"Osgood Perkins","Longlegs","2 de febrero de 1974"
558,nm1995372,2025-08-18,2025-08-18,,"Asami","Joshû Ayaka: Itaburi mesu chôkyô","19 de agosto de 1985"
559,nm2011274,2025-08-18,2025-08-18,,"Akiho Yoshizawa","Nôsatsu waka-okami: Iroppoi koshitsuki","3 de marzo de 1984"
560,nm0646575,2025-09-06,2025-09-06,,"Melani Olivares","Aída","18 de febrero de 1973"
561,nm9374927,2025-09-06,2025-09-06,,"Kelly Depeault","Noémie dit oui","6 de mayo de 2002"
562,nm0080524,2025-09-06,2025-09-06,,"Mayim Bialik","Beaches","12 de diciembre de 1975"
563,nm12526687,2025-09-06,2025-09-06,,"Lorea Intxausti Oregi","Muertos S.L.",
564,nm7165354,2025-09-07,2025-09-07,,"Marta Medina","Despertar",
565,nm0324409,2025-09-13,2025-09-13,,"Bárbara Goenaga","Los cronocrímenes","20 de julio de 1983"
566,nm0845209,2025-09-13,2025-09-13,,"Aitana Sánchez-Gijón","The Machinist","5 de noviembre de 1968"
567,nm0632385,2025-09-13,2025-09-13,,"Najwa Nimri","Abre los ojos","14 de febrero de 1972"
568,nm5557379,2025-09-27,2025-09-27,,"Chloe East","The Fabelmans","16 de febrero de 2001"
569,nm1631269,2025-09-30,2025-09-30,,"Chloë Grace Moretz","Kick-Ass","10 de febrero de 1997"
570,nm8438061,2025-10-04,2025-10-04,,"Simone Bucio","La región salvaje",
571,nm1910857,2025-10-05,2025-10-05,,"Marta Nieto","La mitad de Ana","31 de enero de 1982"
572,nm11152317,2025-10-10,2025-10-10,,"Kôki","Tornado","5 de febrero de 2003"
573,nm9557828,2025-10-13,2025-10-13,,"Alexandra Lacaita","Scenes of a Hidden Self",
574,nm11820179,2025-10-13,2025-10-13,,"Clara Ingold","Rich Flu",
575,nm14091414,2025-11-02,2025-11-02,,"Aina Martínez","Com si fos ahir",
576,nm4417692,2025-11-15,2025-11-15,,"Judith Fernández","Santo","2001"
577,nm10750726,2025-11-15,2025-11-15,,"Victoria Martín","Se tiene que morir mucha gente",
578,nm8962949,2025-11-15,2025-11-15,,"Júlia Gibert","Ciencia Forense",
579,nm7874369,2025-11-15,2025-11-15,,"Yasmina Drissi","La Unidad",
580,nm10348419,2025-11-15,2025-11-15,,"Natàlia Barrientos","No voy a pedirle a nadie que me crea",
581,nm0551397,2025-11-17,2025-11-17,,"Silvia Marsó","Un, dos, tres... responda otra vez","8 de marzo de 1964"
582,nm0038572,2025-11-17,2025-11-17,,"Neus Asensi","Los hombres de Paco","4 de agosto de 1965"
583,nm0193846,2025-11-18,2025-11-18,,"Elisha Cuthbert","The Girl Next Door","30 de noviembre de 1982"
584,nm12196562,2025-11-24,2025-11-24,,"Sara Martínez","Todo lo otro",
585,nm4032297,2025-11-30,2025-11-30,,"Chloe Bennet","Agents of S.H.I.E.L.D.","18 de abril de 1992"
586,nm4874651,2025-11-30,2025-11-30,,"Dove Cameron","56 Days","15 de enero de 1996"
587,nm1015269,2025-12-05,2025-12-05,,"Nuria Mencía","Post coitum",
588,nm6773271,2025-12-06,2025-12-06,,"Lucía Díez","El Cid","17 de junio de 1996"
589,nm1308063,2025-12-06,2025-12-06,,"Ana Polvorosa","La fortuna","14 de diciembre de 1987"
590,nm10628313,2025-12-12,2025-12-12,,"Mel Jarnson","Mortal Kombat","1 de febrero de 1998"
591,nm5570560,2025-12-22,2025-12-22,,"Odessa A'zion","Hellraiser","17 de junio de 2000"
592,nm1108007,2025-12-26,2025-12-26,,"David Lowery","A Ghost Story","26 de diciembre de 1980"
593,nm14039339,2026-01-01,2026-01-01,,"Ice Spice","Highest 2 Lowest","1 de enero de 2000"
594,nm0891895,2026-01-02,2026-01-02,,"Paz Vega","Lucía y el sexo","2 de enero de 1976"
595,nm1086543,2026-01-02,2026-01-02,,"Amanda Seyfried","Les Misérables","3 de diciembre de 1985"
596,nm4422007,2026-01-03,2026-01-03,,"Anamaria Vartolomei","L'événement","9 de abril de 1999"
597,nm2794962,2026-01-10,2026-01-10,,"Hailee Steinfeld","True Grit","11 de diciembre de 1996"
598,nm9757015,2026-01-12,2026-01-12,,"Claudia Riera","La mesita del comedor","22 de noviembre de 1995"
599,nm0351228,2026-01-12,2026-01-12,,"Paz Gómez","Intacto","29 de julio de 1974"
600,nm0167941,2026-01-12,2026-01-12,,"Yohana Cobo","Volver","12 de enero de 1985"
601,nm0002536,2026-01-14,2026-01-14,,"Emmy Rossum","The Phantom of the Opera","12 de septiembre de 1986"
602,nm3160752,2026-01-14,2026-01-14,,"Emma Kenney","Shameless","14 de septiembre de 1999"
603,nm2270016,2026-01-14,2026-01-14,,"Laura Wiggins","Rings","8 de agosto de 1988"
604,nm16120731,2026-01-16,2026-01-16,,"Elvira Lara","Los Tortuga","23 de diciembre de 2005"
605,nm2215143,2026-01-17,2026-01-17,,"Kiernan Shipka","Carriers","10 de noviembre de 1999"
606,nm10348418,2026-01-19,2026-01-19,,"Dèlia Brufau","Els encantats",
607,nm10741326,2026-01-19,2026-01-19,,"Laia Fontàn","Estación Rocafort",
608,nm0000464,2026-01-22,2026-01-22,,"Jim Jarmusch","Stranger Than Paradise","22 de enero de 1953"
609,nm0002002,2026-01-22,2026-01-22,,"Shin'ichi Chiba","Kill Bill: Vol. 1","22 de enero de 1939"
610,nm3091000,2026-01-24,2026-01-24,,"Ana Mena","La piel que habito","25 de febrero de 1997"
611,nm0007711,2026-01-25,2026-01-25,,"Silvia Abascal","No digas nada","20 de marzo de 1979"
612,nm8061858,2026-01-26,2026-01-26,,"María Pedraza","La casa de papel","26 de enero de 1996"
613,nm0279545,2026-02-03,2026-02-03,,"Isla Fisher","Wedding Crashers","3 de febrero de 1976"
614,nm3718425,2026-02-05,2026-02-05,,"Carla Díaz","Delicious","19 de julio de 1998"
615,nm3681769,2026-02-11,2026-02-11,,"Chase Sui Wonders","Bodies Bodies Bodies","21 de mayo de 1996"
616,nm13605360,2026-02-14,2026-02-14,,"Nora Hernández","La cena","1998"
617,nm0375609,2026-02-14,2026-02-14,,"Brigitte Helm","Metropolis","17 de marzo de 1908"
618,nm3835303,2026-02-16,2026-02-16,,"Lizze Broadway","Ghosted","16 de febrero de 1998"
619,nm8958015,2026-02-19,2026-02-19,,"Chappell Roan","Bugonia","19 de febrero de 1998"
620,nm3849842,2026-02-21,2026-02-21,,"Sophie Turner","Game of Thrones","21 de febrero de 1996"
621,nm3084972,2026-02-21,2026-02-21,,"Loreto Mauleón","Los renglones torcidos de Dios","14 de agosto de 1988"
622,nm2987470,2026-02-21,2026-02-21,,"Ana Rujas","Cardo","14 de mayo de 1989"
623,nm2645106,2026-02-22,2026-02-22,,"Elena Furiase","Harvey Johnson","9 de marzo de 1988"
624,nm1226817,2026-02-23,2026-02-23,,"Devon Aoki","DOA: Dead or Alive","10 de agosto de 1982"
625,nm0048918,2026-02-26,2026-02-26,,"Sean Baker","Red Rocket","26 de febrero"
626,nm0544718,2026-02-27,2026-02-27,,"Kate Mara","Fantastic Four","27 de febrero de 1983"
627,nm0000072,2026-02-27,2026-02-27,,"Elizabeth Taylor","Who's Afraid of Virginia Woolf?","27 de febrero de 1932"
628,nm16944029,2026-02-28,2026-02-28,,"Blanca Soroa","Los domingos","2008"
629,nm3480246,2026-02-28,2026-02-28,,"Ella Purnell","Fallout","17 de septiembre de 1996"
630,nm0000366,2026-03-02,2026-03-02,,"Catherine Deneuve","8 femmes","22 de octubre de 1943"
631,nm5305981,2026-03-03,2026-03-03,,"Camila Cabello","Cinderella","3 de marzo de 1997"
632,nm0278979,2026-03-07,2026-03-07,,"Jenna Fischer","The Office","7 de marzo de 1974"
633,nm2168927,2026-03-08,2026-03-08,,"Milana Vayntrub","Werewolves Within","8 de marzo"
634,nm4957233,2026-03-08,2026-03-08,,"Aisling Franciosi","Stopmotion","6 de junio"
635,nm1312575,2026-03-10,2026-03-10,,"Olivia Wilde","Don't Worry Darling","10 de marzo de 1984"
636,nm0012560,2026-03-12,2026-03-12,,"María Adánez","5ºB Escalera dcha.","12 de marzo de 1976"
637,nm0000304,2026-03-12,2026-03-12,,"Linda Blair","The Exorcist","22 de enero de 1959"
638,nm5674649,2026-03-13,2026-03-13,,"London Thor","The Girl on the Train","9 de febrero de 1997"
639,nm1036659,2026-03-14,2026-03-14,,"Bárbara Lennie","Los renglones torcidos de Dios","20 de abril de 1984"
640,nm4977202,2026-03-14,2026-03-14,,"Amaia Romero","La Mesías","3 de enero de 1999"
641,nm0000343,2026-03-14,2026-03-14,,"David Cronenberg","The Fly","15 de marzo de 1943"
642,nm14551692,2026-03-16,2026-03-16,,"Chase Infiniti","One Battle After Another","1 de mayo de 2000"
643,nm1231899,2026-03-16,2026-03-16,,"Priyanka Chopra Jonas","Barfi!","18 de julio de 1982"
644,nm14171402,2026-03-18,2026-03-18,,"Júlia Mascort","Yo no moriré de amor",
645,nm0000266,2026-03-19,2026-03-19,,"Ursula Andress","Dr. No","19 de marzo de 1936"
646,nm0301984,2026-03-19,2026-03-19,,"Elia Galera","Hospital Central","19 de marzo de 1973"
647,nm1085458,2026-03-21,2026-03-21,,"Miriam Giovanelli","Limoncello","28 de abril de 1989"
648,nm0431372,2026-03-21,2026-03-21,,"Duna Jové","Perfume: The Story of a Murderer","29 de septiembre de 1974"
649,nm0713389,2026-03-22,2026-03-22,,"Tania Raymonde","Lost","22 de marzo de 1988"
650,nm3138882,2026-03-23,2026-03-23,,"Britt Lower","High Maintenance","2 de agosto de 1985"
651,nm7862766,2026-03-23,2026-03-23,,"Sydney Cole Alexander","Severance",
652,nm0359734,2026-03-23,2026-03-23,,"Michael Haneke","Caché","23 de marzo de 1942"
653,nm0000041,2026-03-23,2026-03-23,,"Akira Kurosawa","Kakushi-toride no san-akunin","23 de marzo de 1910"
654,nm12043107,2026-03-23,2026-03-23,,"Sarah Bock","Severance","15 de agosto de 2006"
655,nm0001264,2026-03-23,2026-03-23,,"Sarah Michelle Gellar","Buffy the Vampire Slayer","14 de abril de 1977"
656,nm0004918,2026-03-23,2026-03-23,,"Danielle Fishel","Boy Meets World","5 de mayo de 1981"
657,nm8292247,2026-03-23,2026-03-23,,"Sandra Escacena","Verónica","30 de marzo de 2001"
658,nm1567113,2026-03-24,2026-03-24,,"Jessica Chastain","Zero Dark Thirty","24 de marzo de 1977"
659,nm0004989,2026-03-24,2026-03-24,,"Alyson Hannigan","Buffy the Vampire Slayer","24 de marzo de 1974"
660,nm1482999,2026-03-24,2026-03-24,,"María Valverde","Exodus: Gods and Kings","24 de marzo de 1987"
661,nm1128572,2026-03-24,2026-03-24,,"Lake Bell","In a World...","24 de marzo de 1979"
662,nm5700898,2026-03-25,2026-03-25,,"Mikey Madison","Anora","25 de marzo de 1999"
663,nm1486317,2026-04-01,2026-04-01,,"Alycia Debnam-Carey","Apple Cider Vinegar","20 de julio de 1993"
664,nm1659348,2026-04-01,2026-04-01,,"Lauren Cohan","The Boy","7 de enero de 1982"
665,nm0000338,2026-04-07,2026-04-07,,"Francis Ford Coppola","Apocalypse Now","7 de abril de 1939"
666,nm0638428,2026-04-07,2026-04-07,,"Ruth Núñez","Yo soy Bea","7 de abril de 1979"
667,nm0829576,2026-04-08,2026-04-08,,"Kristen Stewart","The Twilight Saga: Eclipse","9 de abril de 1990"
668,nm0842258,2026-04-10,2026-04-10,,"Dita Von Teese","The Death of Salvador Dali","28 de septiembre de 1972"
669,nm1933672,2026-04-10,2026-04-10,,"Inma Cuevas","Vis a vis","1978"
670,nm0273451,2026-04-10,2026-04-10,,"Dafne Fernández","Un paso adelante","31 de marzo de 1985"
671,nm1238701,2026-04-10,2026-04-10,,"Joaquín Reyes","Muchachada nui","16 de agosto de 1974"
672,nm4477261,2026-04-12,2026-04-12,,"Ilana Glazer","Broad City","12 de abril de 1987"
673,nm5085683,2026-04-13,2026-04-13,,"Mckenna Grace","Gifted","25 de junio de 2006"
674,nm0736622,2026-04-15,2026-04-15,,"Seth Rogen","This Is the End","15 de abril de 1982"
675,nm0001182,2026-04-20,2026-04-20,,"Carmen Electra","Scary Movie 4","20 de abril de 1972"
676,nm0930226,2026-04-20,2026-04-20,,"Caroline Williams","Renfield","27 de marzo de 1957"
677,nm0000691,2026-04-22,2026-04-22,,"John Waters","Pecker","22 de abril de 1946"
678,nm0498247,2026-04-22,2026-04-22,,"Sheryl Lee","Twin Peaks: Fire Walk with Me","22 de abril de 1967"
679,nm2883665,2026-04-24,2026-04-24,,"Mariam Hernández","Juegos de lucha","25 de abril de 1983"
680,nm2216549,2026-04-25,2026-04-25,,"Úrsula Corberó","La casa de papel","11 de agosto de 1989"
681,nm17074540,2026-04-26,2026-04-26,,"Ana Boga","Yo siempre a veces","1994"
682,nm0763832,2026-05-02,2026-05-02,,"Eva Santolaria","Compañeros","2 de mayo de 1975"
683,nm14184963,2026-05-02,2026-05-02,,"Andrea Reiriz","Rondallas",
684,nm0376716,2026-05-03,2026-05-03,,"Christina Hendricks","Ginger & Rosa","3 de mayo de 1975"
685,nm2772584,2026-05-03,2026-05-03,,"Olivia Taylor Dudley","The Magicians","4 de noviembre de 1985"
686,nm5262775,2026-05-07,2026-05-07,,"Aidy Bryant","Saturday Night Live","7 de mayo"
687,nm0327273,2026-05-08,2026-05-08,,"Michel Gondry","Eternal Sunshine of the Spotless Mind","8 de mayo de 1963"
688,nm1476614,2026-05-10,2026-05-10,,"Elena Jimenez","Kimi-tachi wa dô ikiru ka","26 de junio de 1994"
689,nm1074427,2026-05-10,2026-05-10,,"Alba Alonso","Encontrando el Fin del Mundo","2 de julio de 1980"
690,nm4248775,2026-05-11,2026-05-11,,"Sabrina Carpenter","Emergency","11 de mayo de 1999"
691,nm2501633,2026-05-13,2026-05-13,,"Lena Dunham","Tiny Furniture","13 de mayo de 1986"
692,nm0001068,2026-05-14,2026-05-14,,"Sofia Coppola","The Godfather Part III","14 de mayo de 1971"
693,nm0000517,2026-05-14,2026-05-14,,"Terrence Malick","Badlands","30 de noviembre de 1943"
694,nm0004266,2026-05-14,2026-05-14,,"Anne Hathaway","Les Misérables","12 de noviembre de 1982"
695,nm1289434,2026-05-14,2026-05-14,,"Emily Blunt","Edge of Tomorrow","23 de febrero de 1983"
696,nm3056937,2026-05-15,2026-05-15,,"Nerea Camacho","Camino","15 de mayo de 1996"
697,nm17206913,2026-05-15,2026-05-15,,"Tamara Cortes","La misteriosa mirada del flamenco",
698,nm0304770,2026-05-16,2026-05-16,,"Alaska","Lucía y el sexo","13 de junio de 1963"
699,nm9380750,2026-05-16,2026-05-16,,"Aitana","Operación triunfo","27 de junio de 1999"
700,nm0022134,2026-05-16,2026-05-16,,"Anabel Alonso","7 vidas","11 de noviembre de 1964"
701,nm1125523,2026-05-16,2026-05-16,,"Chenoa","Operación triunfo","25 de junio de 1975"
702,nm1083271,2026-05-16,2026-05-16,,"Megan Fox","Transformers","16 de mayo de 1986"
703,nm3152327,2026-05-16,2026-05-16,,"Ryūsuke Hamaguchi","Doraibu mai kâ","16 de diciembre de 1978"
704,nm0002817,2026-05-16,2026-05-16,,"Soledad Miranda","Vampyros Lesbos","9 de julio de 1943"
705,nm0141123,2026-05-17,2026-05-17,,"Raffaella Carrà","En tout cas","18 de junio de 1943"
706,nm0716347,2026-05-18,2026-05-18,,"Nicolas Winding Refn","The Neon Demon","29 de septiembre de 1970"
707,nm0649638,2026-05-19,2026-05-19,,"Natalia Oreiro","Sos mi vida","19 de mayo de 1977"
708,nm6031795,2026-05-24,2026-05-24,,"Júlia Molins","Framed","24 de mayo de 1993"
709,nm5455952,2026-05-27,2026-05-27,,"Ashley Padilla","Saturday Night Live","27 de mayo de 1993"
710,nm10948522,2026-06-06,2026-06-06,,"Isabel Aimé González-Sola","Las corrientes",
711,nm9917159,2026-06-07,2026-06-07,,"Lily Collias","Good One",
712,nm4528537,2026-06-07,2026-06-07,,"Nick Antosca","Channel Zero","23 de enero de 1983"
713,nm0298188,2026-06-07,2026-06-07,,"Bryan Fuller","Pushing Daisies","27 de julio de 1969"
714,nm2282610,2026-06-09,2026-06-09,,"Lauren Socha","Misfits","9 de junio de 1990"
715,nm16117984,2026-06-14,2026-06-14,,"Mahsa Rostami","Dane-ye anjir-e ma'abed",
716,nm1017221,2026-06-15,2026-06-15,,"Diana Gómez","¡García!","7 de marzo de 1989"
717,nm5256792,2026-06-15,2026-06-15,,"Paula Malia","A muerte",
718,nm1283047,2026-06-18,2026-06-18,,"Núria Gago","Verónica","10 de marzo de 1980"
719,nm10977171,2026-06-20,2026-06-20,,"Valèria Sorolla","La consagración de la primavera","13 de mayo de 1997"
720,nm8410818,2026-06-20,2026-06-20,,"Eden Weiss","Keeper",
721,nm0000066,2026-06-20,2026-06-20,,"Jane Russell","Gentlemen Prefer Blondes","21 de junio de 1921"
722,nm4787894,2026-06-21,2026-06-21,,"Lana Del Rey","The Great Gatsby","21 de junio de 1985"
723,nm3929195,2026-06-24,2026-06-24,,"Erin Moriarty","The Boys","24 de junio de 1994"
724,nm0001882,2026-06-24,2026-06-24,,"Olivia d'Abo","Conan the Destroyer","22 de enero de 1969"
725,nm5982255,2026-06-26,2026-06-26,,"Giuditta Niccoli","Great White Waters",
726,nm9380741,2026-06-27,2026-06-27,,"Lola Índigo","Cupido, Lola Indigo, Alizzz: Autoestima","1 de abril de 1992"
727,nm2728165,2026-06-27,2026-06-27,,"Jessie Cave","Harry Potter and the Half-Blood Prince","5 de mayo de 1987"
728,nm0010736,2026-06-29,2026-06-29,,"Amy Adams","Arrival","20 de agosto de 1974"
729,nm0000194,2026-06-30,2026-06-30,,"Julianne Moore","Far from Heaven","3 de diciembre de 1960"
730,nm8619739,2026-07-03,2026-07-03,,"Paula Reyes","Casa de fieras",
731,nm13707936,2026-07-03,2026-07-03,,"Victoria Oliver","Morangos com Açúcar",
732,nm5229490,2026-07-03,2026-07-03,,"Vito Sanz","Volveréis",
733,nm9816829,2026-07-03,2026-07-03,,"Isa Calderón","Millennial Mal",
734,nm18661118,2026-07-03,2026-07-03,,"Paula Gala","Parecido a un asesinato",
735,nm14123962,2026-07-03,2026-07-03,,"Miriam Rubio","Millennial Mal",
736,nm4901194,2026-07-04,2026-07-04,,"Rigoberta Bandini","Divergent","1990"
737,nm4805115,2026-07-04,2026-07-04,,"Elena Martín","Júlia ist","1992"
738,nm1354244,2026-07-04,2026-07-04,,"Alizée","A Good Year","21 de agosto de 1984"
739,nm1296554,2026-07-04,2026-07-04,,"Ben Wheatley","Free Fire","mayo de 1972"
740,nm6584167,2026-07-04,2026-07-04,,"Lena Urzendowsky","Kokon","16 de febrero de 2000"
741,nm17309058,2026-07-04,2026-07-04,,"Greta Krämer","In die Sonne schauen",
742,nm4945765,2026-07-09,2026-07-09,,"Belén Barenys","Autodefensa",
743,nm2247200,2026-07-09,2026-07-09,,"Albert Serra","Pacifiction","1975"
744,nm0243233,2026-07-09,2026-07-09,,"Mark Duplass","Creep","7 de diciembre de 1976"
745,nm5313125,2026-07-09,2026-07-09,,"Jane Schoenbrun","Teenage Sex and Death at Camp Miasma","5 de febrero"
746,nm0307497,2026-07-10,2026-07-10,,"Alex Garland","Ex Machina","26 de mayo de 1970"
747,nm0706066,2026-07-12,2026-07-12,,"Taija Rae","Raw Talent","29 de enero de 1961"
748,nm5950715,2026-07-13,2026-07-13,,"Tate McRae","F1","1 de julio de 2003"
749,nm0000182,2026-07-13,2026-07-13,,"Jennifer Lopez","Hustlers","24 de julio de 1969"
750,nm8367841,2026-07-14,2026-07-14,,"Lauren LaVera","Terrifier 2","14 de junio de 1994"
751,nm10080112,2026-07-14,2026-07-14,,"Amelie McLain","Terrifier 2",
752,nm6637505,2026-07-14,2026-07-14,,"Kailey Hyman","Terrifier 2","15 de febrero de 1996"
753,nm9985559,2026-07-14,2026-07-14,,"Izaro","IZARO & Baiuca feat. Oreka TX: Xorieri",
754,nm9984699,2026-07-15,2026-07-15,,"Inde Navarrette","Obsession","3 de marzo de 2001"
755,nm6102767,2026-07-15,2026-07-15,,"Megan Lawless","Obsession",
756,nm3364779,2026-07-16,2026-07-16,,"Vanessa Bayer","Trainwreck","14 de noviembre de 1981"
757,nm3977393,2026-07-16,2026-07-16,,"Tessa Violet","The Matchbreaker",
758,nm5261051,2026-07-17,2026-07-17,,"Annalisa Scarrone","Annalisa: Bellissima","5 de agosto de 1985"
759,nm6185683,2026-07-17,2026-07-17,,"Emily Rudd","One Piece","24 de febrero de 1993"
760,nm10603736,2026-07-17,2026-07-17,,"Lera Abova","Anna","4 de noviembre de 1992"
761,nm1197737,2026-07-18,2026-07-18,,"Carmen Machi","Aída","7 de enero de 1963"
762,nm16382228,2026-07-18,2026-07-18,,"Aitana Batres","Élite",
763,nm18382887,2026-07-20,2026-07-20,,"Vana","VANA: Pray",
764,nm0172770,2026-07-21,2026-07-21,,"Mary Collinson","Permissive","22 de julio de 1952"
765,nm1238859,2026-07-23,2026-07-23,,"Ernesto Sevilla","Camera Café, la película","1978"
766,nm11860692,2026-07-24,2026-07-24,,"Mae Muller","Moonshot","26 de agosto de 1997"
767,nm0000535,2026-07-26,2026-07-26,,"Rose McGowan","Planet Terror","5 de septiembre de 1973"
768,nm4555326,2026-07-26,2026-07-26,,"Ivana Staneva","Conan the Barbarian",
769,nm0629697,2026-07-27,2026-07-27,,"Rachel Nichols","G.I. Joe: The Rise of Cobra","8 de enero de 1980"
770,nm10656367,2026-08-02,2026-08-02,,"Zoey Luna","Slay","23 de julio de 2001"
771,nm0000138,2026-08-03,2026-08-03,,"Leonardo DiCaprio","The Wolf of Wall Street","11 de noviembre de 1974"
772,nm3121384,2026-08-04,2026-08-04,,"Becky G","Power Rangers","2 de marzo de 1997"
773,nm1046264,2026-08-08,2026-08-08,,"Mónica Naranjo","Mónica Naranjo: Empiezo a recordarte","23 de mayo de 1974"
774,nm0959515,2026-08-08,2026-08-08,,"Marian Álvarez","Lo mejor de mí","1 de abril de 1978"
775,nm5362727,2026-08-08,2026-08-08,,"Elena Sanz","Black Mirror",
776,nm0508249,2026-08-17,2026-08-17,,"Loles León","Átame!","1 de agosto de 1950"
777,nm1676221,2026-08-20,2026-08-20,,"Andy Samberg","Popstar: Never Stop Never Stopping","18 de agosto de 1978"
778,nm7436993,2026-08-20,2026-08-20,,"Tramell Tillman","Mission: Impossible - The Final Reckoning","17 de junio de 1985"
779,nm16659307,2026-08-25,2026-08-25,,"Six Sex","I'm a Star",
780,nm7945379,2026-08-25,2026-08-25,,"Sarah Sawyer","Tokyo Vice",
